"Reference","Qty","Mouser Part Number"
"ANT1","1","377-SAM-M10Q-00B"
"C1,C30","2","187-CL21A225KB9LNNC"
"C2,C31","2","963-MLASL21GBB5226MT"
"C14,C15,C17,C18,C19,C20,C22,C23,C24,C25,C26,C27,C28,C29,C34,C36","16"," 80-C0402C104K8R7411"
"C32,C33","2","81-GRM188R71A225KE5J"
"C35","1","80-C0805C106K3P"
"C37","1","810-C2012X5R1V106K0C"
"C38,C39","2","710-885012005043"
"D1","1","576-SMAJ18A"
"D2,D3","2","710-150060RS75000"
"D4,D5","2","710-150060VS75000"
"L1,L3","2","810-VLS3015CX-100M-1"
"R1,R5,R11","3","603-RT0402BRE07100KL"
"R2,R3","2","603-RC0402JR-072K2L"
"R4","1","603-RT0402FRE0710KL"
"R6","1","603-RC0402BR-0718KL"
"R7,R8,R15,R18","4","71-RCA04021K00FKEDSR "
"R9","1","603-RC0402FR-134K7L"
"R10,R16","2","71-RCS0402220RJNED"
"R12","1","603-RC0402FR-07787KL"
"R13","1","603-AF0402FR-07150KL"
"R14,R17","2","71-RCS040268R0FKED"
"R19,R20,R21,R22","4","71-CRCW0402-33-E3"
"U1","1","595-TPS62177DQCT"
"U2","1","511-STM32F407VET6"
"U3","1","511-LSM6DSV32XTR"
"U4","1",""
"U6","1","262-BMP581"
"U8","1","595-TPS62175DQCR"
"Y1","1","815-AM3N2400018D2YT"
